Customer_id,Customer_name,Email,Phone
1,Alice Johnson,alice.johnson@example.com,555123
2,Bob Smith,bob_smith23@mail.com,555456
3,Charlie Evans,cevans@mail.net,
4,Denise O'Connor,denise.o@mail.org,555789
5,Evan Lee,evan.lee@domain.com,555987
6,Fiona Zhang,fiona_zhang@mail.com,
7,George King,gking@mail.com,555101
8,Hannah White,Unknown,5551122
9,Ivan Petrov,ivan.petrov@mail.ru,5551345
10,Jasmine Yu,jasmine.yu@example.com,5551678
11,Karen Adams,k.adams@domain.com,5551234
12,Liam Brown,liam.brown@mail.com,5552234
13,Mia Davis,Unknown,5554567
14,Noah Wilson,noah_w@mail.net,5557890
15,Olivia Miller,olivia.miller@example.com,5558910
16,Paul Garcia,p.garcia@mail.com,
17,Quinn Martinez,quinn.martinez@mail.org,5552222
18,Rachel Kim,rachel.kim@mail.net,5553333
19,Sam Thomas,sam.thomas@mail.com,5554444
20,Tina Lopez,tina.lopez@mail.org,
21,Umar Khan,umar.khan@mail.com,5555555
22,Vera Schmidt,vera.schmidt@mail.de,5556666
23,Will Hernandez,willh@mail.com,
24,Xena Rogers,xena.rogers@mail.com,5557777
25,Yara Costa,yara.costa@mail.br,5558888
26,Zane Parker,zane.parker@mail.com,
27,Amy Long,amy.long@mail.com,5559999
28,Ben Cook,Unknown,5550
29,Cathy Bell,cathy.bell@mail.com,5551111
30,Derek Stone,derek.stone@mail.com,5552223
31,Fay Cooper,Unknown,5554445
32,Grace Nguyen,grace.nguyen@mail.com,5555556
33,Hank Russell,hank.russell@mail.com,
34,Ivy Sanders,ivy.sanders@mail.net,5556667
35,Jackie Owens,jackie.owens@mail.com,5557778
36,Karl Price,karl.price@mail.com,
37,Lena Foster,lena.foster@mail.com,5558889
38,Mark Griffin,Unknown,5559990
39,Nina Hughes,nina.hughes@mail.com,5551
40,Oscar Murphy,oscar.murphy@mail.com,5551010
41,Pamela Young,Unknown,5551212
42,Quincy Bell,quincy.bell@mail.com,5551313
43,Rita Simmons,rita.simmons@mail.com,
44,Steve Dixon,steve.dixon@mail.com,5551414
45,Tracy Bryant,tracy.bryant@mail.com,5551515
46,Uma Foster,Unknown,5551616
47,Victor Ray,victor.ray@mail.com,5551717
48,Wendy Neal,wendy.neal@mail.com,5551818
49,Xander Flynn,xander.flynn@mail.com,
50,Eliot Matthews,eliot.matthews@mail.com,5553334
51,Fay Cooper,Unknown,5554445
52,Grace Nguyen,grace.nguyen@mail.com,5555556
53,Hank Russell,hank.russell@mail.com,
54,Ivy Sanders,ivy.sanders@mail.net,5556667
55,Jackie Owens,jackie.owens@mail.com,5557778
56,Karl Price,karl.price@mail.com,
57,Lena Foster,lena.foster@mail.com,5558889
58,Mark Griffin,Unknown,5559990
59,Nina Hughes,nina.hughes@mail.com,5551
60,Oscar Murphy,oscar.murphy@mail.com,5551010
61,Pamela Young,Unknown,5551212
62,Quincy Bell,quincy.bell@mail.com,5551313
63,Rita Simmons,rita.simmons@mail.com,
64,Steve Dixon,steve.dixon@mail.com,5551414
65,Tracy Bryant,tracy.bryant@mail.com,5551515
66,Uma Foster,Unknown,5551616
67,Victor Ray,victor.ray@mail.com,5551717
68,Wendy Neal,wendy.neal@mail.com,5551818
69,Xander Flynn,xander.flynn@mail.com,
70,Aaron Matthews,aaron.matthews@mail.com,5554040
71,Bethany Cruz,Unknown,5554141
72,Cameron King,cameron.king@mail.com,5554242
73,Daisy Hill,daisy.hill@mail.com,
74,Ethan Brooks,ethan.brooks@mail.com,5554343
75,Faith Lewis,faith.lewis@mail.com,
76,Gavin Ward,gavin.ward@mail.com,5554444
77,Hailey Ross,hailey.ross@mail.com,
78,Ian Bennett,ian.bennett@mail.com,5554545
79,Jenna Diaz,jenna.diaz@mail.com,
80,Kelly Scott,amber.lee@mail.com,5552020
81,Bryan Hall,bryan.hall@mail.com,
82,Carla Gomez,carla.gomez@mail.com,5552121
83,Darbi Obrien,Unknown,5552222
84,Ella Rogers,ella.rogers@mail.com,5552323
85,Franklin Lee,franklin.lee@mail.com,
86,Gina Silver,gina.woods@mail.com,5552424
87,Harry Miller,harry.miller@mail.com,5552525
88,Irene Adams,Unknown,5552626
89,Jason Clark,jason.clark@mail.com,5552727
90,Kylie Turner,kylie.turner@mail.com,
91,Lucas Scott,lucas.scott@mail.com,5552828
92,Maria Hall,maria.hall@mail.com,5552929
93,Nathan Evans,Unknown,5553030
94,Olga Bell,olga.bell@mail.com,5553131
95,Peter Young,peter.young@mail.com,
96,Queen Foster,queen.foster@mail.com,5553232
97,Robert Diaz,robert.diaz@mail.com,5553333
98,Hannah Kent,Unknown,5553434
99,Tommy Barnes,tommy.barnes@mail.com,5553535
100,Ulysses Ford,ulysses.ford@mail.com,
101,Vanessa Reed,vanessa.reed@mail.com,5553636
102,Willow Kelly,willow.kelly@mail.com,5553737
103,Ximena Lopez,Unknown,5553838
104,Yusuf Wallace,yusuf.wallace@mail.com,5553939
105,Zoe Evans,zoe.evans@mail.com,
106,Aaron Matthews,aaron.matthews@mail.com,5554040
107,Bethany Cruz,Unknown,5554141
108,Cameron King,cameron.king@mail.com,5554242
109,Daisy Hill,daisy.hill@mail.com,
110,Ethan Brooks,ethan.brooks@mail.com,5554343
111,Faith Lewis,faith.lewis@mail.com,
112,Gavin Ward,gavin.ward@mail.com,5554444
113,Hailey Ross,hailey.ross@mail.com,
114,Ian Bennett,ian.bennett@mail.com,5554545
115,Jenna Diaz,jenna.diaz@mail.com,
116,Kyle Cooper,kyle.cooper@mail.com,5554646
117,Lara Simmons,lara.simmons@mail.com,5554747
118,Mike Daniels,Unknown,5554848
119,Nora Fields,nora.fields@mail.com,
120,Owen Brooks,owen.brooks@mail.com,5554949
121,Paula Grant,paula.grant@mail.com,5555050
122,Quentin Bell,Unknown,5555151
123,Rosa Morgan,rosa.morgan@mail.com,5555252
124,Sean Bailey,sean.bailey@mail.com,5555353
125,Tara Hudson,tara.hudson@mail.com,
126,Umar Ali,umar.ali@mail.com,5555454
127,Violet West,Unknown,5555555
128,Wade Young,wade.young@mail.com,5555656
129,Ximena Flores,ximena.flores@mail.com,
130,Yosef Cohen,yosef.cohen@mail.com,5555757
131,Zara Khan,Unknown,5555858
132,Abel Ortiz,abel.ortiz@mail.com,5555959
133,Becca Lane,becca.lane@mail.com,
134,Chris Mills,chris.mills@mail.com,5556060
135,Dina Rose,Unknown,5556161
136,Eli Stone,eli.stone@mail.com,5556262
137,Fiona Price,fiona.price@mail.com,
138,Gus Clark,gus.clark@mail.com,5556363
139,Holly West,Unknown,5556464
140,Ian Scott,ian.scott@mail.com,5556565
141,Jill Knight,jill.knight@mail.com,
142,Karl Young,karl.young@mail.com,5556666
143,Leah Hill,Unknown,5556767
144,Mason Lee,mason.lee@mail.com,5556868
145,Nina King,nina.king@mail.com,
146,Omar Evans,omar.evans@mail.com,5556969
147,Penny Lewis,Unknown,5557070
148,Quinn Perry,quinn.perry@mail.com,5557171
149,Ralph Brooks,ralph.brooks@mail.com,
150,Sara Nelson,sara.nelson@mail.com,5557272
151,Tom Woods,Unknown,5557373
152,Usha Patel,usha.patel@mail.com,5557474
153,Vince Harris,vince.harris@mail.com,
154,Willa Green,willa.green@mail.com,5557575
155,Xander Hall,Unknown,5557676
156,Yara Adams,yara.adams@mail.com,5557777
157,Zane Parker,Unknown,5557878
158,Alicia Dean,alicia.dean@mail.com,5557979
159,Blake Ford,Unknown,5558080
160,Carly Gray,carly.gray@mail.com,5558181
161,Derek Hill,Unknown,5558282
162,Elena James,elena.james@mail.com,5558383
163,Felix Martin,Unknown,5558484
164,Grace Norris,grace.norris@mail.com,5558585
165,Hank Olson,Unknown,5558686
166,Iris Patel,iris.patel@mail.com,5558787
167,Jake Quinn,Unknown,5558888
168,Kara Ross,kara.ross@mail.com,5558989
169,Liam Smith,Unknown,5559090
170,Maya Thomas,maya.thomas@mail.com,5559191
171,Neil Vaughn,Unknown,5559292
172,Olga White,olga.white@mail.com,5559393
173,Pete Young,Unknown,5559494
174,Queenie Zhao,queenie.zhao@mail.com,5559595
175,Ryan Zimmerman,Unknown,5559696
176,Sophie Allen,sophie.allen@mail.com,5559797
177,Tyler Brooks,Unknown,5559898
178,Una Carter,una.carter@mail.com,5559999
179,Victor Davis,Unknown,5551
180,Wendy Evans,wendy.evans@mail.com,5551112
181,Xavier Foster,Unknown,5551213
182,Yvonne Grant,yvonne.grant@mail.com,5551314
183,Zachary Hill,Unknown,5551415
184,Adam Walker,adam.walker@mail.com,5551516
185,Beatrice Collins,Unknown,5551617
186,Caleb Edwards,caleb.edwards@mail.com,5551718
187,Diana Flores,diana.flores@mail.com,
188,Evan Graham,evan.graham@mail.com,5551819
189,Fiona Hayes,fiona.hayes@mail.com,
190,George Irving,george.irving@mail.com,5551920
191,Hannah Jenkins, hannah.jenkins@mail.com,
192,Isaac Knight,isaac.knight@mail.com,5552021
193,Jasmine Lee,jasmine.lee@mail.com,
194,Keith Morgan,keith.morgan@mail.com,5552122
195,Lily Nelson,Unknown,5552223
196,Max Oconnor,max.oconnor@mail.com,5552324
197,Nadia Patel,nadia.patel@mail.com,
198,Oliver Quinn,oliver.quinn@mail.com,5552425
199,Paige Russell,Unknown,5552526
200,Quincy Stevens,quincy.stevens@mail.com,5552627
201,Rachel Turner,rachel.turner@mail.com,
202,Samuel Vaughn,samuel.vaughn@mail.com,5552728
203,Tina Wallace,Unknown,5552829
204,Umar Xander,umar.xander@mail.com,5552930
205,Vanessa Young,vanessa.young@mail.com,
206,Will Zimmerman,will.zimmerman@mail.com,5553031
207,Xena Abbott,Unknown,5553132
208,Yusuf Baker,yusuf.baker@mail.com,5553233
209,Zoe Campbell,zoe.campbell@mail.com,
210,Abigail Davis,Unknown,5553334
211,Brandon Evans,brandon.evans@mail.com,5553435
212,Cassandra Foster,cassandra.foster@mail.com,
213,Derek Grant,derek.grant@mail.com,5553536
214,Ella Harris,Unknown,5553637
215,Felix Ingram,felix.ingram@mail.com,5553738
216,Gloria Johnson,gloria.johnson@mail.com,
217,Harold King,Unknown,5553839
218,Ivy Lewis,ivy.lewis@mail.com,5553940
219,Jason Moore,Unknown,5554041
220,Kylie Nelson,kylie.nelson@mail.com,5554142
221,Landon Ortiz,Unknown,5554243
222,Maya Phillips,maya.phillips@mail.com,5554344
223,Nathan Quinn,Unknown,5554445
224,Olivia Roberts,olivia.roberts@mail.com,5554546
225,Patrick Smith,Unknown,5554647
226,Quinn Taylor,quinn.taylor@mail.com,5554748
227,Rebecca Upton,Unknown,5554849
228,Steven Vaughn,steven.vaughn@mail.com,5554950
229,Tara Wells,Unknown,5555051
230,Ulysses Young,ulysses.young@mail.com,5555152
231,Victoria Zimmerman,Unknown,5555253
232,Walter Adams,walter.adams@mail.com,5555354
233,Xavier Barnes,Unknown,5555455
234,Yolanda Clark,yolanda.clark@mail.com,5555556
235,Zachary Davis,Unknown,5555657
236,Amber Ellis,amber.ellis@mail.com,5555758
237,Brett Foster,Unknown,5555859
238,Claire Graham,claire.graham@mail.com,5555960
239,Dylan Harris,Unknown,5556061
240,Eva James,eva.james@mail.com,5556162
241,Frederick King,Unknown,5556263
242,Grace Lee,grace.lee@mail.com,5556364
243,Henry Mitchell,Unknown,5556465
244,Isla Nelson,isla.nelson@mail.com,5556566
245,Jack Owens,Unknown,5556667
246,Kara Price,kara.price@mail.com,5556768
247,Liam Quinn,Unknown,5556869
248,Molly Roberts,molly.roberts@mail.com,5556970
249,Noah Smith,Unknown,5557071
250,Olive Thompson,olive.thompson@mail.com,5557172
251,Paul Underwood,Unknown,5557273
252,Quinn Vincent,quinn.vincent@mail.com,5557374
253,Rose Walker,Unknown,5557475
254,Sean Xavier,sean.xavier@mail.com,5557576
255,Tina Young,Unknown,5557677
256,Umar Zimmerman,umar.zimmerman@mail.com,5557778
257,Violet Adams,Unknown,5557879
258,Will Barnes,will.barnes@mail.com,5557980
259,Xena Clark,Unknown,5558081
260,Yusuf Davis,yusuf.davis@mail.com,5558182
261,Zoe Ellis,Unknown,5558283
262,Aaron Foster,aaron.foster@mail.com,5558384
263,Bianca Graham,Unknown,5558485
264,Carl Harris,carl.harris@mail.com,5558586
265,Diana Irving,Unknown,5558687
266,Eli Jenkins,eli.jenkins@mail.com,5558788
267,Fiona King,Unknown,5558889
268,George Lewis,george.lewis@mail.com,5558990
269,Hannah Mitchell,Unknown,5559091
270,Isaac Nelson,isaac.nelson@mail.com,5559192
271,Jenna Owens,Unknown,5559293
272,Kyle Price,kyle.price@mail.com,5559394
273,Lara Quinn,Unknown,5559495
274,Mason Roberts,mason.roberts@mail.com,5559596
275,Nina Smith,Unknown,5559697
276,Owen Thompson,owen.thompson@mail.com,5559798
277,Paula Underwood,Unknown,5559899
278,Quentin Vincent,quentin.vincent@mail.com,5559900
279,Rachel Walker,Unknown,55510001
280,Samuel Xavier,samuel.xavier@mail.com,55510002
281,Tara Young,Unknown,55510003
282,Usha Zimmerman,usha.zimmerman@mail.com,55510004
283,Victor Adams,Unknown,55510005
284,Wendy Barnes,wendy.barnes@mail.com,55510006
285,Xavier Clark,Unknown,55510007
286,Yara Davis,yara.davis@mail.com,55510008
287,Zachary Ellis,Unknown,55510009
288,Alice Foster,alice.foster@mail.com,55510010
289,Brandon Graham,Unknown,55510011
290,Cynthia Harris,cynthia.harris@mail.com,55510012
291,David Irving,Unknown,55510013
292,Emma Jenkins,emma.jenkins@mail.com,55510014
293,Frank King,Unknown,55510015
294,Gina Lewis,gina.lewis@mail.com,55510016
295,Harry Mitchell,Unknown,55510017
296,Isabel Nelson,isabel.nelson@mail.com,55510018
297,Jake Owens,Unknown,55510019
298,Kelly Price,kelly.price@mail.com,55510020
299,Liam Quinn,Unknown,55510021
300,Mia Roberts,mia.roberts@mail.com,55510022
301,Noah Smith,Unknown,55510023
302,Olivia Thompson,olivia.thompson@mail.com,55510024
303,Aiden Brooks,aiden.brooks@mail.com,55510025
304,Bella Carter,Unknown,55510026
305,Calvin Diaz,calvin.diaz@mail.com,55510027
306,Delilah Evans,delilah.evans@mail.com,
307,Eli Foster,eli.foster@mail.com,55510028
308,Faith Garcia,faith.garcia@mail.com,
309,Gavin Harris,gavin.harris@mail.com,55510029
310,Hailey Jackson,hailey.jackson@mail.com,
311,Ian Kelly,ian.kelly@mail.com,55510030
312,Jasmine Lee,jasmine.lee@mail.com,
313,Kaden Miller,kaden.miller@mail.com,55510031
314,Lila Nelson,Unknown,55510032
315,Mason Owens,mason.owens@mail.com,55510033
316,Nora Parker,nora.parker@mail.com,
317,Owen Quinn,owen.quinn@mail.com,55510034
318,Piper Reed,Unknown,55510035
319,Quentin Scott,quentin.scott@mail.com,55510036
320,Riley Turner,riley.turner@mail.com,
321,Sophia Vaughn,sophia.vaughn@mail.com,55510037
322,Tyler White,Unknown,55510038
323,Uma Young,uma.young@mail.com,55510039
324,Victor Zane,Unknown,55510040
325,Wendy Allen,wendy.allen@mail.com,55510041
326,Xander Brooks,Unknown,55510042
327,Yara Clark,yara.clark@mail.com,55510043
328,Zane Davis,Unknown,55510044
329,Amber Edwards,amber.edwards@mail.com,55510045
330,Blake Foster,Unknown,55510046
331,Cora Grant,cora.grant@mail.com,55510047
332,Derek Hill,Unknown,55510048
333,Ella Johnson,ella.johnson@mail.com,55510049
334,Felix King,Unknown,55510050
