Employee_id,Employee_name,Address
1,Kevin Hall,123 Main St
2,Zara  Khan,456 Oak Ave
3,Haruto Suzuki,789 Pine Road
4,Neill Sophia,321 Maple Street
5,Lucas Ferreira,Unknown
6,Aria Taylor,Uss Voyager
7,Gabriel Santos,555 Elm Street
8,Ella  Bennett,42 Willow Blvd
9,Oliver Lewis,777 Cedar Lane
10,N. Y. Carter,100 King Street
11,Felix Meier,Unknown
12,Amelia  Scott,987 Birch Avenue
13,Noah  White,888 Ash Street
14,Fatima Al Khaled,222 Cherry Rd
15,Helena  Richter,444 Oak Street
16,Charlotte  Allen,Unknown
17,Said Rahman,666 Pine Street
18,Victor  Morales,999 Willow St
19,Olivia Walker,111 Maple Ave
20,Clment  Lefevre,Unknown
21,Jonathan Black,12 Elm St
22,Ayşe  Yılmaz,77 Oak Ave
23,Mattia Conti,53 Pine Road
24,Brien Hannah,98 Maple Street
25,Marco Bianchi,Unknown
26,Sofia Rossi,Ss Adventure
27,Miguel Pérez,81 Elm Street
28,Paulo  Barbosa,67 Willow Blvd
29,Nadine Müller,90 Cedar Lane
30,A.   M. Zhang,10 King Street
31,Thiago Oliveira,Unknown
32,Clara  De Souza,92 Birch Avenue
33,Leonardo  Bianchi,48 Ash Street
34,Vanessa Al   Carvalho,39 Cherry Rd
35,Hans  Schäfer,20 Oak Street
36,Helena  González,Unknown
37,Omar   Farouk,14 Pine Street
38,Santiago  Torres,27 Willow St
39,Sophie Mitchell,89 Maple Ave
40,François  Moreau,Unknown
41,Carlos Mendes,1 River St
42,Isabella Costa,2 River St
43,Rafael Lima,3 River St
44,Lara Souza,4 River St
45,Henrique Silva,5 River St
46,Camila Rocha,6 River St
47,Pedro Gomes,7 River St
48,Ana Ribeiro,8 River St
49,Lucas Barbosa,9 River St
50,Beatriz Fernandes,10 River St
51,Mateus Carvalho,11 River St
52,Julia Almeida,12 River St
53,Diego Araujo,13 River St
54,Fernanda Castro,14 River St
55,Guilherme Duarte,15 River St
56,Mariana Martins,16 River St
57,João Correia,17 River St
58,Larissa Teixeira,18 River St
59,Eduardo Santos,19 River St
60,Natalia Freitas,20 River St
61,Felipe Farias,21 River St
62,Carolina Pires,22 River St
63,André Cardoso,23 River St
64,Patricia Pinto,24 River St
65,Rodrigo Monteiro,25 River St
66,Bianca Cunha,26 River St
67,Thiago Correia,27 River St
68,Marcela Costa,28 River St
69,Alexandre Nogueira,29 River St
70,Sofia Menezes,30 River St
71,Daniel Rocha,31 River St
72,Leticia Fonseca,32 River St
73,Vinicius Ribeiro,33 River St
74,Yasmin Ferreira,34 River St
75,Lucas Vieira,35 River St
76,Amanda Leite,36 River St
77,Gabriel Almeida,37 River St
78,Thais Cardoso,38 River St
79,Igor Rezende,39 River St
80,Priscila Neves,40 River St
81,Murilo Costa,41 River St
82,Juliana Gomes,42 River St
83,Bruno Dias,43 River St
84,Larissa Souza,44 River St
85,Caio Martins,45 River St
86,Isabela Lima,46 River St
87,Lucas Araújo,47 River St
88,Maria Ferreira,48 River St
89,Felipe Oliveira,49 River St
90,Camila Duarte,50 River St
91,Pedro Henrique,51 River St
92,Amanda Ribeiro,52 River St
93,Matheus Pires,53 River St
94,Gabriela Nogueira,54 River St
95,Gustavo Almeida,55 River St
96,Rafaela Rocha,56 River St
97,Leonardo Castro,57 River St
98,Mariana Correia,58 River St
99,Henrique Ribeiro,59 River St
100,Luana Fernandes,60 River St
101,Ricardo Almeida,61 River St
102,Fernanda Lima,62 River St
103,André Souza,63 River St
104,Isabela Fernandes,64 River St
105,Marcos Pereira,65 River St
106,Camila Ribeiro,66 River St
107,João Martins,67 River St
108,Larissa Costa,68 River St
109,Paulo Gonçalves,69 River St
110,Bianca Cardoso,70 River St
111,Felipe Oliveira,71 River St
112,Mariana Santos,72 River St
113,Gabriel Rodrigues,73 River St
114,Amanda Freitas,74 River St
115,Rodrigo Lopes,75 River St
116,Patricia Dias,76 River St
117,Thiago Correia,77 River St
118,Juliana Silva,78 River St
119,Eduardo Costa,79 River St
120,Isabela Nogueira,80 River St
121,Gustavo Almeida,81 River St
122,Camila Souza,82 River St
123,Vinicius Martins,83 River St
124,Amanda Ribeiro,84 River St
125,Lucas Rocha,85 River St
126,Mariana Castro,86 River St
127,Bruno Pereira,87 River St
128,Gabriela Fernandes,88 River St
129,Henrique Cardoso,89 River St
130,Patricia Silva,90 River St
131,João Araujo,91 River St
132,Larissa Ribeiro,92 River St
133,Felipe Fernandes,93 River St
134,Bianca Souza,94 River St
135,André Gomes,95 River St
136,Mariana Almeida,96 River St
137,Gustavo Rodrigues,97 River St
138,Amanda Martins,98 River St
139,Rodrigo Costa,99 River St
140,Camila Lopes,100 River St
141,Isabella Reed,201 River St
142,Ethan Parker,202 River St
143,Madison Clark,203 River St
144,Logan Bennett,204 River St
145,Charlotte Hughes,205 River St
146,Lucas Foster,206 River St
147,Amelia Ross,207 River St
148,Mason Perry,208 River St
149,Harper Brooks,209 River St
150,Oliver Ramirez,210 River St
151,Sophia James,211 River St
152,Jacob Hayes,212 River St
153,Ava Russell,213 River St
154,Michael Price,214 River St
155,Mia Ward,215 River St
156,William Bailey,216 River St
157,Abigail Cox,217 River St
158,James Murphy,218 River St
159,Emily Richardson,219 River St
160,Benjamin Howard,220 River St
161,Evelyn Torres,221 River St
162,Henry Jenkins,222 River St
163,Ella Coleman,223 River St
164,Alexander Simmons,224 River St
165,Scarlett Bryant,225 River St
166,Daniel Phillips,226 River St
167,Victoria Long,227 River St
168,Matthew Rivera,228 River St
169,Grace Hughes,229 River St
170,David Flores,230 River St
171,Zoe Turner,231 River St
172,Christopher Scott,232 River St
173,Lily Carter,233 River St
174,Andrew Cooper,234 River St
175,Sofia Peterson,235 River St
176,Ryan Kelly,236 River St
177,Aria Morgan,237 River St
178,Joseph Ward,238 River St
179,Layla Brooks,239 River St
180,Samuel Rogers,240 River St
181,Chloe Stewart,241 River St
182,Gabriel Bennett,242 River St
183,Nora Jenkins,243 River St
184,Anthony Powell,244 River St
185,Penelope Foster,245 River St
186,Elijah Diaz,246 River St
187,Hannah Martinez,247 River St
188,Jack Rivera,248 River St
189,Avery Ross,249 River St
190,Sebastian Ortiz,250 River St
191,Layla Flynn,301 Oakridge Rd
192,Carter Sutton,302 Oakridge Rd
193,Zoey Goodwin,303 Oakridge Rd
194,Nolan Bruce,304 Oakridge Rd
195,Aria Cross,305 Oakridge Rd
196,Lincoln Phelps,306 Oakridge Rd
197,Samantha Vaughan,307 Oakridge Rd
198,Elias Hopkins,308 Oakridge Rd
199,Anna Stanley,309 Oakridge Rd
200,Maverick Mcbride,310 Oakridge Rd
201,Aubrey Pope,311 Oakridge Rd
202,Easton Peters,312 Oakridge Rd
203,Victoria Bridges,313 Oakridge Rd
204,Leo Montgomery,314 Oakridge Rd
205,Brooklynn Steele,315 Oakridge Rd
206,Mateo Hampton,316 Oakridge Rd
207,Willow Ball,317 Oakridge Rd
208,Hudson Carroll,318 Oakridge Rd
209,Isla Shepherd,319 Oakridge Rd
210,Connor Abbott,320 Oakridge Rd
211,Peyton Gregory,321 Oakridge Rd
212,Kai Patrick,322 Oakridge Rd
213,Addison Lucas,323 Oakridge Rd
214,Roman Norris,324 Oakridge Rd
215,Lucy Chandler,325 Oakridge Rd
216,Ezekiel Pratt,326 Oakridge Rd
217,Gianna Baldwin,327 Oakridge Rd
218,Bentley Moran,328 Oakridge Rd
219,Alice Hurst,329 Oakridge Rd
220,Weston Case,330 Oakridge Rd
221,Faith Barber,331 Oakridge Rd
222,Jason Lowery,332 Oakridge Rd
223,Lillian Benton,333 Oakridge Rd
224,Micah Charles,334 Oakridge Rd
225,Elise Becker,335 Oakridge Rd
226,Jameson Hess,336 Oakridge Rd
227,Camille Paul,337 Oakridge Rd
228,Beckett Riley,338 Oakridge Rd
229,Genevieve Kerr,339 Oakridge Rd
230,Tobias Melton,340 Oakridge Rd
231,Adeline Mccoy,341 Oakridge Rd
232,Everett Glover,342 Oakridge Rd
233,Piper Brock,343 Oakridge Rd
234,Silas Kane,344 Oakridge Rd
235,Josephine Salazar,345 Oakridge Rd
236,Diego Pruitt,346 Oakridge Rd
237,Clara Kirby,347 Oakridge Rd
238,Maxwell Acevedo,348 Oakridge Rd
239,Ariana Finley,349 Oakridge Rd
240,Harrison Yates,350 Oakridge Rd
241,Mila Hanson,251 Lakeview Dr
242,Liam Walsh,252 Lakeview Dr
243,Paisley Newton,253 Lakeview Dr
244,Levi Douglas,254 Lakeview Dr
245,Hazel Myers,255 Lakeview Dr
246,Owen Bishop,256 Lakeview Dr
247,Ellie Daniels,257 Lakeview Dr
248,Caleb Austin,258 Lakeview Dr
249,Violet Brewer,259 Lakeview Dr
250,Eli Stevenson,260 Lakeview Dr
251,Aurora Craig,261 Lakeview Dr
252,Hunter Morrison,262 Lakeview Dr
253,Camila Warren,263 Lakeview Dr
254,Julian Wells,264 Lakeview Dr
255,Luna Barrett,265 Lakeview Dr
256,Christian Blake,266 Lakeview Dr
257,Naomi Brady,267 Lakeview Dr
258,Ezra Walters,268 Lakeview Dr
259,Sophie Day,269 Lakeview Dr
260,Isaiah Holland,270 Lakeview Dr
261,Sadie George,271 Lakeview Dr
262,Adam Lambert,272 Lakeview Dr
263,Elena Maxwell,273 Lakeview Dr
264,Nathan Grant,274 Lakeview Dr
265,Lucy Ford,275 Lakeview Dr
266,Asher Mason,276 Lakeview Dr
267,Claire Jennings,277 Lakeview Dr
268,Jonathan Hicks,278 Lakeview Dr
269,Lydia Pearson,279 Lakeview Dr
270,Wyatt Weaver,280 Lakeview Dr
271,Brooklyn Little,281 Lakeview Dr
272,Isaac Doyle,282 Lakeview Dr
273,Savannah Harrington,283 Lakeview Dr
274,Grayson Reid,284 Lakeview Dr
275,Stella Hardy,285 Lakeview Dr
276,Colton Barrett,286 Lakeview Dr
277,Leah Bishop,287 Lakeview Dr
278,Miles Vaughn,288 Lakeview Dr
279,Hannah Sullivan,289 Lakeview Dr
280,Xavier Holt,290 Lakeview Dr
281,Audrey Stanley,291 Lakeview Dr
282,Parker Tate,292 Lakeview Dr
283,Nora Wallace,293 Lakeview Dr
284,Evan Drake,294 Lakeview Dr
285,Kylie Payne,295 Lakeview Dr
286,Gavin Barrett,296 Lakeview Dr
287,Bella Fields,297 Lakeview Dr
288,Ryder Harmon,298 Lakeview Dr
289,Caroline Benson,299 Lakeview Dr
290,Hudson Neal,300 Lakeview Dr
291,Eliana Forbes,351 Greenway Ln
292,Theo Mcmahon,352 Greenway Ln
293,Valentina Fry,353 Greenway Ln
294,Andres Herring,354 Greenway Ln
295,Maya Marsh,355 Greenway Ln
296,Greyson Padilla,356 Greenway Ln
297,Emery Holden,357 Greenway Ln
298,Daphne Pruitt,358 Greenway Ln
299,Elliott Han,359 Greenway Ln
300,Serenity Cantrell,360 Greenway Ln
301,Tristan Howe,361 Greenway Ln
302,Lilliana Bender,362 Greenway Ln
303,Peter Whitfield,363 Greenway Ln
304,June Harrington,364 Greenway Ln
305,Simon Robles,365 Greenway Ln
306,Arabella Bernard,366 Greenway Ln
307,Marshall Stuart,367 Greenway Ln
308,Amara Riddle,368 Greenway Ln
309,Felix Henson,369 Greenway Ln
310,Lana Mcclure,370 Greenway Ln
311,Brayden Salas,371 Greenway Ln
312,Madeline Moyer,372 Greenway Ln
313,Spencer Peck,373 Greenway Ln
314,Sloane Estes,374 Greenway Ln
315,Cruz Mathis,375 Greenway Ln
316,Brielle Navarro,376 Greenway Ln
317,Callum Workman,377 Greenway Ln
318,Jasmine Guy,378 Greenway Ln
319,Rowan Dunlap,379 Greenway Ln
320,Mariah Arroyo,380 Greenway Ln
321,Nash Salgado,381 Greenway Ln
322,Evangeline Hyde,382 Greenway Ln
323,Declan Mcfadden,383 Greenway Ln
324,Lucille Barry,384 Greenway Ln
325,Ronan Carver,385 Greenway Ln
326,Adalynn Blevins,386 Greenway Ln
327,Bryson Faulkner,387 Greenway Ln
328,Reagan Withers,388 Greenway Ln
329,Matias Copeland,389 Greenway Ln
330,Ophelia Key,390 Greenway Ln
331,Finnegan Pate,391 Greenway Ln
332,Margot Rosario,392 Greenway Ln
333,Jude Bowman,393 Greenway Ln
334,Annalise Kent,394 Greenway Ln
335,Lawson Mcdowell,395 Greenway Ln
336,Eloise Hagan,396 Greenway Ln
337,Zachary Ponce,397 Greenway Ln
338,Dahlia Munoz,398 Greenway Ln
339,Griffin Lott,399 Greenway Ln
340,Mckenna Ellison,400 Greenway Ln
341,Frederik Hansen,45 Nyhavn Street
342,Rosa Delgado,18 Calle Real
343,Andrew Collins,91 Maple Grove
344,Lina Petrov,77 Arbat Lane
345,Samuel Wright,39 Birch Crescent
346,Fiona Macleod,15 Castle Hill
347,Carlos Jimenez,Ss Blue Horizon
348,Mei-Ling Zhao,23 Pearl Road
349,Patrick Doyle,84 Riverbank Avenue
350,Aisha Khan,56 Rosewood Court
351,Jasper Müller,88 Linden Lane
352,Noura Saleh,102 Willow Court
353,Diego Fernandes,31 Ocean Drive
354,Sofia Martins,9 Park Crescent
355,Ethan Rogers,77 Sycamore Way
356,Hiroshi Tanaka,44 Cherry Blossom Road
357,Grace O’Connor,22 Greenfield Street
358,Valeria Rossi,11 Piazza Roma
359,Lucas Hernandez,29 Golden Gate Blvd
360,Anika Sharma,13 Lotus Avenue
361,Yusuf Ahmed,89 Jasmine Street
362,Thomas Weber,64 Beechwood Drive
363,Mariana Costa,55 Atlantic Road
364,Oliver Evans,Ss Northern Star
365,Elena Popov,47 Winter Lane
366,Rajesh Iyer,71 Palm Grove
367,Hannah Fischer,90 Maplewood Blvd
368,Pedro Santos,20 Coral Street
369,Claire Dubois,12 Rue Lafayette
370,James Murphy,101 Harbour Street
371,Ahmed Hassan,88 Palm Street
372,Natalia Kaczmarek,50 Oak Ridge Road
373,Victor Hugo,29 Montmartre Road
374,Leila Karim,42 Dahlia Drive
375,Oscar Silva,33 Bluebell Crescent
376,Emily Clarke,19 Broadway Street
377,Gabriel Costa,7 Pinewood Lane
378,Ivy Chen,60 Gardenia Boulevard
379,Felix Brown,81 Elmwood Drive
380,Sophia Lee,9 Highland Avenue
381,Marcus Johnson,55 Sunset Boulevard
382,Tariq Al-Farsi,98 Jasmine Gardens
383,Amelie Laurent,14 Rue De Provence
384,Elliot Foster,22 Rose Avenue
385,Marta Kowalska,78 Tulip Road
386,Jonas Schmidt,34 Hauptstraße
387,Priya Mehta,15 Orchard Street
388,Sebastian White,12 Bayshore Avenue
389,Hannah Müller,26 Linden Grove
390,Rafael Delgado,87 Magnolia Street
391,Liam Bennett,45 Hilltop Drive
392,Ava Mitchell,9 Cedarwood Lane
393,Noah Richardson,73 Brookside Ave
394,Emma Howard,88 Sunflower Street
395,William Torres,12 Evergreen Blvd
396,Mia Lopez,101 Horizon Road
397,James Kelly,66 Aspen Court
398,Charlotte Young,28 Maple Grove
399,Benjamin Scott,44 Willow Way
400,Amelia Adams,52 Ocean Breeze Drive
401,Elijah Roberts,77 Lavender Avenue
402,Isabella Hall,35 Pinewood Avenue
403,Lucas Turner,82 Cherry Lane
404,Sophia Allen,14 Elm Court
405,Mason Wright,27 Magnolia Lane
406,Harper Hill,91 Riverbend Street
407,Ethan Phillips,20 Rose Court
408,Evelyn Campbell,65 Orchard Grove
409,Logan Parker,39 Summit Street
410,Abigail Moore,72 Golden Road
411,Alexander Ward,46 Birchwood Court
412,Emily Bennett,15 Clover Street
413,Michael Hayes,84 Lilac Lane
414,Ella Perry,53 Vineyard Road
415,Daniel Hughes,29 Chestnut Street
416,Avery Foster,67 Maple Avenue
417,Henry Simmons,102 Cypress Lane
418,Scarlett Reed,17 Ocean View Drive
419,Matthew Long,25 Fern Street
420,Sofia Rivera,12 Coral Lane
421,David Bryant,91 Oak Street
422,Grace Sanders,88 Garden Lane
423,Christopher Barnes,34 Willow Avenue
424,Victoria Coleman,60 Parkwood Drive
425,Joseph Bell,28 Beechwood Drive
426,Madison Price,77 Linden Avenue
427,Samuel Russell,55 Seaview Road
428,Penelope Brooks,93 Meadow Lane
429,Andrew Cook,49 Magnolia Road
430,Chloe Bailey,21 Highland Street
431,Jack Murphy,100 Ashwood Drive
432,Zoe Griffin,31 Redwood Court
433,Ryan Diaz,82 Summit Avenue
434,Lily Morales,56 Park Street
435,Joshua Cooper,73 Brook Lane
436,Hannah Foster,17 Cypress Grove
437,Owen King,42 Maple Court
438,Natalie Rivera,64 Oakwood Drive
439,Carter Scott,93 River Street
440,Addison Jenkins,59 Rosewood Avenue
441,Gabriel Perez,19 Poplar Street
442,Aria Howard,44 Willow Glen
443,Jayden Foster,81 Birch Lane
444,Brooklyn Ward,14 Sycamore Road
445,Sebastian Hill,72 Pineview Lane
446,Audrey Kelly,33 Heather Street
447,Julian Bennett,25 Park Lane
448,Savannah Wood,99 Sunset Road
449,Levi Adams,13 Dogwood Drive
450,Stella Morgan,90 Garden Street
451,Hudson Hughes,47 Cedar Avenue
452,Bella White,62 Evergreen Lane
453,Elias Rogers,75 Laurel Street
454,Paisley Foster,58 Forest Drive
455,Asher Evans,27 Brookfield Road
456,Violet Perry,80 Daisy Lane
457,Isaiah Russell,41 Blossom Road
458,Lucy Collins,14 Jasmine Court
459,Ezekiel Mitchell,54 Willowbrook Drive
460,Claire Simmons,33 Ivy Road
461,Miles Reed,99 Bayview Avenue
462,Ellie Howard,16 Juniper Street
463,Nathan Cook,22 Orchard Lane
464,Maya Brooks,45 Rose Garden Avenue
465,Caleb Wood,18 Cedarwood Drive
466,Hazel James,37 Meadowbrook Lane
467,Isaac Bennett,50 Pine Hill Road
468,Aurora Ross,91 Spring Street
469,Anthony Long,26 Hillcrest Avenue
470,Sophie Foster,74 Lakeside Road
471,Jonathan Green,83 Woodland Avenue
472,Leah Evans,12 Valley Road
473,Dominic Kelly,20 Fairview Street
474,Sadie Peterson,36 Parkview Drive
475,Christopher Adams,42 Willow Glen Drive
476,Nora Richardson,28 Glenwood Avenue
477,Evan Murphy,85 Birch Hill Drive
478,Hailey Mitchell,97 Maple Hollow Road
479,Nicholas Parker,53 Elmwood Lane
480,Ariana Torres,38 Lakeview Avenue
481,Aaron Morris,60 Crestwood Road
482,Brooklyn Diaz,79 Seaside Avenue
483,Grayson Stewart,19 Bayshore Road
484,Camila Jenkins,44 Riverbend Drive
485,Lincoln West,23 Highland Court
486,Eleanor Hayes,67 Oak Hollow Drive
